type,title,company,location,salary,experience,duration,skills,link,source
Internship,Video Editing/Making,603 The CoWorking Space India,"Mumbai, Bandra","₹ 12,000 - 15,000 /month",Fresher,N/A,JavaScriptCreativityPythonTime ManagementC Programming3D ModelingC++ Programming+3 more,https://internshala.com/internship/detail/video-editing-making-internship-in-multiple-locations-at-603-the-coworking-space-india1766138289,Internshala
Internship,Python Development,Warewe Consultancy Private Limited,Gurgaon,"₹ 15,000 - 20,000 /month",Fresher,N/A,PythonDjangoNode.jsPostgreSQLREST APIStripe Payment APIFastAPI,https://internshala.com/internship/detail/python-development-internship-in-gurgaon-at-warewe-consultancy-private-limited1767509944,Internshala
Internship,QA Testing,Robin Home AI,Bangalore,"₹ 20,000 - 30,000 /month",Fresher,N/A,JavaPythonSwift,https://internshala.com/internship/detail/qa-testing-internship-in-bangalore-at-robin-home-ai1767093693,Internshala
Internship,Artificial Intelligence (AI),JAGATMITRA LEGALSERVICES,Delhi,"₹ 5,000 /month",Fresher,N/A,PythonData StructuresMachine LearningData ScienceNeural NetworksNatural Language Processing (NLP)Deep Learning+1 more,https://internshala.com/internship/detail/artificial-intelligence-ai-internship-in-delhi-at-jagatmitra-legalservices1767506364,Internshala
Internship,Full Stack Development,BELAKHEDA UDAY BHARTI SAMAJ KALYAN SAMITEE,Chennai,Unpaid,Fresher,N/A,MySQLJavaScriptPythonMongoDBAngularJSNode.jsReact+4 more,https://internshala.com/internship/detail/full-stack-development-internship-in-chennai-at-belakheda-uday-bharti-samaj-kalyan-samitee1767501500,Internshala
Internship,Artificial Intelligence (AI),Almost Magic Private Limited,"Chandigarh, Mohali, Panchkula","₹ 7,500 - 12,500 /month",Fresher,N/A,PythonData StructuresMachine LearningData ScienceNeural NetworksNatural Language Processing (NLP)Deep Learning+1 more,https://internshala.com/internship/detail/artificial-intelligence-ai-internship-in-multiple-locations-at-almost-magic-private-limited1767181676,Internshala
Internship,Robotics Perception & Controls,Ometaura AI,Delhi                                                                (Hybrid),"₹ 10,000 - 20,000 /month",Fresher,N/A,PythonRoboticsControl systemsC++ ProgrammingRobot Operating System (ROS)Linear Algebra,https://internshala.com/internship/detail/robotics-perception-controls-internship-in-delhi-at-ometaura-ai1767068536,Internshala
Internship,Project Engineer,ErgLocale,Guwahati,"₹ 10,000 - 20,000 /month",Fresher,N/A,PythonElectrical MachinesEnglish Proficiency (Spoken)English Proficiency (Written)Engineering DrawingData Analysis,https://internshala.com/internship/detail/project-engineer-internship-in-guwahati-at-erglocale1766154445,Internshala
Internship,Startup Mentor,Netwale,"Malappuram, Nilambur, Kalikavu                                                                (Hybrid)","₹ 3,000 - 5,000 /month",Fresher,N/A,LeadershipPythonStrategyMentorshipBusiness DevelopmentInterpersonal skillsClaude+1 more,https://internshala.com/internship/detail/part-time-startup-mentor-internship-in-multiple-locations-at-netwale1765345373,Internshala
Internship,Executive Account Manager,Alcove Business Advisory Private Limited,Visakhapatnam                                                                (Hybrid),"₹ 5,000 - 9,000 /month",Fresher,N/A,Social Media MarketingPythonFinanceAccountingMarket AnalysisClient RelationshipMarketing Campaigns +4 more,https://internshala.com/internship/detail/executive-account-manager-internship-in-visakhapatnam-at-alcove-business-advisory-private-limited1765282302,Internshala
Internship,School Robotics Trainer,Sarga Additive Manufacturing Private Limited,Delhi                                                                (Hybrid),"₹ 10,000 - 15,000 /month",Fresher,N/A,PythonPresentation skillsTeachingC ProgrammingEffective Communication,https://internshala.com/internship/detail/school-robotics-trainer-internship-in-delhi-at-sarga-additive-manufacturing-private-limited1764995892,Internshala
Internship,Python Development,Aadhvik Technologies,Work from home,"₹ 2,000 - 3,000 /month",Fresher,N/A,Python,https://internshala.com/internship/detail/work-from-home-python-development-internship-at-aadhvik-technologies1767512836,Internshala
Internship,Machine Learning,Maxgen Technologies Private Limited,Ahmedabad,"₹ 5,000 - 12,000 /month",Fresher,N/A,PythonMachine LearningNatural Language Processing (NLP)Deep Learning,https://internshala.com/internship/detail/machine-learning-internship-in-ahmedabad-at-maxgen-technologies-private-limited1767454964,Internshala
Internship,Machine Learning,CareerNest,Work from home,"₹ 10,000 - 25,000 /month",Fresher,N/A,PythonMachine LearningData Science,https://internshala.com/internship/detail/work-from-home-machine-learning-internship-at-careernest1767427369,Internshala
Internship,Python Development,Treviax.in,Work from home,"₹ 15,000 - 25,000 /month",Fresher,N/A,HTMLCSSPythonDjangoMachine LearningREST APIFlask,https://internshala.com/internship/detail/work-from-home-python-development-internship-at-treviaxin1767416002,Internshala
Internship,Data Analytics,Treviax.in,Work from home,"₹ 10,000 - 20,000 /month",Fresher,N/A,PythonSQLData AnalyticsMS-ExcelData SciencePower BITableau,https://internshala.com/internship/detail/work-from-home-data-analytics-internship-at-treviaxin1767415743,Internshala
Internship,Machine Learning,TwiLearn EduTech Private Limited,Work from home,"₹ 10,000 - 20,000 /month",Fresher,N/A,PythonData AnalyticsMachine LearningData ScienceNatural Language Processing (NLP)Deep LearningArtificial intelligence,https://internshala.com/internship/detail/work-from-home-machine-learning-internship-at-twilearn-edutech-private-limited1767415180,Internshala
Internship,UI/UX Testing / IOS Testing,Across The Globe (ATG),Work from home,"₹ 2,500 - 8,000 /month",Fresher,N/A,PythonSeleniumManual TestingTest AutomationUsability Testing,https://internshala.com/internship/detail/work-from-home-ui-ux-testing-ios-testing-internship-at-across-the-globe-atg1767361507,Internshala
Internship,Full Stack Development,MyCleaners,Gurgaon,"₹ 12,000 - 15,000 /month",Fresher,N/A,PHPHTMLPython,https://internshala.com/internship/detail/full-stack-development-internship-in-gurgaon-at-mycleaners1767356112,Internshala
Internship,Data Analytics,The Affordable Organic Store,"Hyderabad, Kompally","₹ 8,000 /month",Fresher,N/A,PythonSQLData AnalyticsMS-ExcelData SciencePower BITableau,https://internshala.com/internship/detail/data-analytics-internship-in-multiple-locations-at-the-affordable-organic-store1767355645,Internshala
Internship,Web Development,Matha Theresa Foundation,Bangalore                                                                (Hybrid),Unpaid,Fresher,N/A,JavaPHPMySQLHTMLCSSJavaScriptjQuery+13 more,https://internshala.com/internship/detail/web-development-internship-in-bangalore-at-matha-theresa-foundation1767352669,Internshala
Internship,Business Analytics,MHLondon,Noida,"₹ 16,000 - 17,500 /month",Fresher,N/A,MS-OfficePythonData AnalyticsFinancial ModelingFinancial AnalysisAdvanced ExcelEnglish Proficiency (Spoken)+3 more,https://internshala.com/internship/detail/business-analytics-internship-in-noida-at-mhlondon1767345536,Internshala
Internship,Full Stack Development,Visiq Technology Private Limited,Work from home,"₹ 5,000 - 10,000 /month",Fresher,N/A,JavaScriptPythonAngularJSNode.jsReact,https://internshala.com/internship/detail/work-from-home-full-stack-development-internship-at-visiq-technology-private-limited1767339420,Internshala
Internship,Full Stack Development,Finflock Systems Private Limited,Work from home,"₹ 12,000 - 16,000 /month",Fresher,N/A,MySQLHTMLCSSJavaScriptPythonSQLGit+12 more,https://internshala.com/internship/detail/work-from-home-full-stack-development-internship-at-finflock-systems-private-limited1767335216,Internshala
Internship,Artificial Intelligence (AI),Experiences.digital,Gurgaon,"₹ 2,500 - 10,000 /month",Fresher,N/A,PythonNatural Language Processing (NLP)Artificial intelligence,https://internshala.com/internship/detail/artificial-intelligence-ai-internship-in-gurgaon-at-experiencesdigital1767335162,Internshala
Internship,Data Science,Treviax.in,Work from home,"₹ 15,000 - 20,000 /month",Fresher,N/A,PythonSQLData AnalyticsMachine LearningData ScienceNatural Language Processing (NLP)Deep Learning+1 more,https://internshala.com/internship/detail/work-from-home-data-science-internship-at-treviaxin1767330920,Internshala
Internship,AI Engineering (GPU-Accelerated Code Integration For Multimodal Systems),Syscon Electro Tech India Private Limited,Work from home,"₹ 5,000 - 8,000 /month",Fresher,N/A,OpenCVPythonLinuxGitHubC++ ProgrammingDeep LearningTensorFlow+5 more,https://internshala.com/internship/detail/work-from-home-ai-engineering-gpu-accelerated-code-integration-for-multimodal-systems-internship-at-syscon-electro-tech-india-private-limited1767330725,Internshala
Internship,Data Science,Maxgen Technologies Private Limited,Pune,"₹ 5,000 - 12,000 /month",Fresher,N/A,PythonMachine LearningData ScienceDeep LearningArtificial intelligence,https://internshala.com/internship/detail/part-time-data-science-internship-in-pune-at-maxgen-technologies-private-limited1767330168,Internshala
Internship,Web Development,TMS Foundation (bharatyuva.org),Work from home,Unpaid,Fresher,N/A,HTMLCSSCloud ComputingPythonJoomlaComputer NetworkingLinux+7 more,https://internshala.com/internship/detail/work-from-home-part-time-web-development-internship-at-tms-foundation-bharatyuvaorg1767330104,Internshala
Internship,Senior Developer,Digital Heroes,Lucknow                                                                (Hybrid),"₹ 20,000 - 30,000 /month",Fresher,N/A,JavaJavaScriptPythonSQLDjangoNode.jsNoSQL+2 more,https://internshala.com/internship/detail/part-time-senior-developer-internship-in-lucknow-at-digital-heroes1767328356,Internshala
Internship,Machine Learning,Treviax.in,Work from home,"₹ 10,000 - 20,000 /month",Fresher,N/A,PythonData AnalyticsMachine LearningData ScienceNatural Language Processing (NLP)Deep LearningArtificial intelligence,https://internshala.com/internship/detail/work-from-home-machine-learning-internship-at-treviaxin1767327770,Internshala
Internship,Full Stack Development,Maxgen Technologies Private Limited,Pune,"₹ 5,000 - 12,000 /month",Fresher,N/A,JavaHTMLCSSJavaScriptPythonMongoDBNode.js+1 more,https://internshala.com/internship/detail/full-stack-development-internship-in-pune-at-maxgen-technologies-private-limited1767320757,Internshala
Internship,Python Development,Maxgen Technologies Private Limited,Ahmedabad,"₹ 5,000 - 12,000 /month",Fresher,N/A,HTMLPythonDjangoMachine Learning,https://internshala.com/internship/detail/python-development-internship-in-ahmedabad-at-maxgen-technologies-private-limited1767289541,Internshala
Internship,Data Analytics,TwiLearn EduTech Private Limited,Work from home,"₹ 10,000 - 20,000 /month",Fresher,N/A,PythonSQLData AnalyticsMS-ExcelData SciencePower BITableau,https://internshala.com/internship/detail/work-from-home-data-analytics-internship-at-twilearn-edutech-private-limited1767245330,Internshala
Internship,Data Science,TwiLearn EduTech Private Limited,Work from home,"₹ 10,000 - 20,000 /month",Fresher,N/A,PythonSQLData AnalyticsMachine LearningData ScienceNatural Language Processing (NLP)Deep Learning+1 more,https://internshala.com/internship/detail/work-from-home-data-science-internship-at-twilearn-edutech-private-limited1767244229,Internshala
Internship,Business Analytics,TwiLearn EduTech Private Limited,Work from home,"₹ 10,000 - 15,000 /month",Fresher,N/A,MS-OfficePythonSQLData AnalyticsMS-ExcelEnglish Proficiency (Spoken)English Proficiency (Written)+1 more,https://internshala.com/internship/detail/work-from-home-business-analytics-internship-at-twilearn-edutech-private-limited1767244171,Internshala
Internship,Artificial Intelligence (AI),TwiLearn EduTech Private Limited,Work from home,"₹ 10,000 - 20,000 /month",Fresher,N/A,PythonData StructuresMachine LearningData ScienceNeural NetworksNatural Language Processing (NLP)Deep Learning+1 more,https://internshala.com/internship/detail/work-from-home-artificial-intelligence-ai-internship-at-twilearn-edutech-private-limited1767244110,Internshala
Internship,Python Development,TwiLearn EduTech Private Limited,Work from home,"₹ 10,000 - 20,000 /month",Fresher,N/A,HTMLCSSPythonDjangoMachine LearningREST API,https://internshala.com/internship/detail/work-from-home-python-development-internship-at-twilearn-edutech-private-limited1767243995,Internshala
Internship,Beta Testing & Web Development,KMATS,Work from home,"₹ 5,000 /month",Fresher,N/A,JavaScriptPythonMongoDBNode.jsReactFlaskArtificial Intelligence Markup Language (AIML)+2 more,https://internshala.com/internship/detail/work-from-home-beta-testing-web-development-internship-at-kmats1767184573,Internshala
Internship,Software Development,Digital Heroes,Lucknow                                                                (Hybrid),"₹ 15,000 - 20,000 /month",Fresher,N/A,JavaMySQLHTMLCSSJavaScriptPythonAlgorithms+3 more,https://internshala.com/internship/detail/part-time-software-development-internship-in-lucknow-at-digital-heroes1767180592,Internshala
Internship,Junior Web Developer,Digital Heroes,Lucknow                                                                (Hybrid),"₹ 10,000 /month",Fresher,N/A,PHPHTMLCSSJavaScriptPythonNode.jsGitHub+1 more,https://internshala.com/internship/detail/part-time-junior-web-developer-internship-in-lucknow-at-digital-heroes1767179347,Internshala
Internship,Electronics Engineering,CCP IoT Technologies,Bangalore,"₹ 3,000 - 5,000 /month",Fresher,N/A,PythonARM MicrocontrollerRaspberry PiEmbedded SystemsArduinoCircuit DesignC Programming+3 more,https://internshala.com/internship/detail/electronics-engineering-internship-in-bangalore-at-ccp-iot-technologies1767161457,Internshala
Internship,Software Development,Traya Health,Bangalore,"₹ 30,000 /month",Fresher,N/A,PythonReactMERN,https://internshala.com/internship/detail/software-development-internship-in-bangalore-at-traya-health1767165811,Internshala
Internship,Python Development,ArtSpot,Work from home,"₹ 5,000 - 7,000 /month",Fresher,N/A,PythonDjangoBackend development,https://internshala.com/internship/detail/work-from-home-part-time-python-development-internship-at-artspot1767154926,Internshala
Internship,Embedded Systems,IG Drones,Ghaziabad,"₹ 10,000 - 15,000 /month",Fresher,N/A,PythonARM MicrocontrollerRaspberry PiEmbedded SystemsArduinoCircuit DesignC Programming+3 more,https://internshala.com/internship/detail/embedded-systems-internship-in-ghaziabad-at-ig-drones1767125454,Internshala
Internship,Artificial Intelligence (AI),Boltzmann Labs Private Limited,Hyderabad,"₹ 14,000 - 15,000 /month",Fresher,N/A,PythonChemistryBiologyMachine LearningDeep Learning,https://internshala.com/internship/detail/artificial-intelligence-ai-internship-in-hyderabad-at-boltzmann-labs-private-limited1767122873,Internshala
Internship,Software Development Engineering (Web),RCS Projects Pvt Ltd,Work from home,"₹ 10,000 - 12,000 /month",Fresher,N/A,HTMLCSSJavaScriptPythonSQLDjangoMachine Learning+8 more,https://internshala.com/internship/detail/work-from-home-software-development-engineering-web-internship-at-rcs-projects-pvt-ltd1767107757,Internshala
Internship,Python Development,Learners Education Support Services,Kochi,"₹ 7,000 - 9,000 /month",Fresher,N/A,CSSPythonDjangoFlask,https://internshala.com/internship/detail/python-development-internship-in-kochi-at-learners-education-support-services1767089563,Internshala
Internship,Artificial Intelligence/Machine Learning,Aaans Services Private Limited,Work from home,"₹ 10,000 - 40,000 /month",Fresher,N/A,PythonData AnalyticsMachine LearningData ScienceFrontend developmentBackend developmentNatural Language Processing (NLP)+2 more,https://internshala.com/internship/detail/work-from-home-artificial-intelligence-machine-learning-internship-at-aaans-services-private-limited1767007993,Internshala
Internship,ML Researcher,Yardstick,Work from home,"₹ 5,000 - 25,000 /month",Fresher,N/A,PythonAlgorithmsData StructuresMachine LearningEnglish Proficiency (Spoken)English Proficiency (Written)Deep Learning+1 more,https://internshala.com/internship/detail/work-from-home-ml-researcher-internship-at-yardstick1767007525,Internshala
Internship,Automation Engineer,Elvara Group,Work from home,"₹ 12,000 - 25,000 /month",Fresher,N/A,JavaHTMLCSSPythonBusiness AnalysisGitHubReact+6 more,https://internshala.com/internship/detail/work-from-home-part-time-automation-engineer-internship-at-elvara-group1767001599,Internshala
Internship,Producers Assistant/Founders Office,Continuum Media,Mumbai,"₹ 5,000 /month",Fresher,N/A,MS-OfficeContent WritingPythonAdobe IllustratorSQLAdobe Creative SuiteMachine Learning+7 more,https://internshala.com/internship/detail/producers-assistant-founders-office-internship-in-mumbai-at-continuum-media1766994229,Internshala
Internship,Machine Learning,Innoknowvex,Work from home,"₹ 11,000 - 23,000 /month",Fresher,N/A,PythonData AnalyticsMachine LearningR ProgrammingNatural Language Processing (NLP),https://internshala.com/internship/detail/work-from-home-machine-learning-internship-at-innoknowvex1766991668,Internshala
Internship,Human Resources (HR),Grozoom Ventures Technology Private Limited,Work from home,"₹ 6,000 - 7,000 /month",Fresher,N/A,JavaSocial Media MarketingJavaScriptPythonRecruitmentTime ManagementContent Marketing+2 more,https://internshala.com/internship/detail/work-from-home-human-resources-hr-internship-at-grozoom-ventures-technology-private-limited1766989971,Internshala
Internship,Data Science,Accredian,Work from home,"₹ 10,000 - 15,000 /month",Fresher,N/A,PythonVideo EditingSQLMachine LearningVideo MakingR ProgrammingDeep Learning+1 more,https://internshala.com/internship/detail/work-from-home-data-science-internship-at-accredian1766989393,Internshala
Internship,Robotics Software Engineering,Ometaura AI,Delhi                                                                (Hybrid),"₹ 10,000 - 20,000 /month",Fresher,N/A,PythonLinuxGitHubC++ ProgrammingRobot Operating System (ROS),https://internshala.com/internship/detail/robotics-software-engineering-internship-in-delhi-at-ometaura-ai1766988563,Internshala
Internship,Full Stack Development,Maxgen Technologies Private Limited,Ahmedabad,"₹ 5,000 - 12,000 /month",Fresher,N/A,JavaHTMLJavaScriptPythonMongoDBNode.jsReact,https://internshala.com/internship/detail/part-time-full-stack-development-internship-in-ahmedabad-at-maxgen-technologies-private-limited1766986911,Internshala
Internship,Python Development,Grozoom Ventures Technology Private Limited,Work from home,"₹ 15,000 - 20,000 /month",Fresher,N/A,JavaScriptPythonLinuxHTTPAutomationREST APIWeb Application Security+3 more,https://internshala.com/internship/detail/work-from-home-python-development-internship-at-grozoom-ventures-technology-private-limited1766984279,Internshala
Internship,Front End Development,Recsify Technologies,Work from home,"₹ 10,000 - 50,000 /month",Fresher,N/A,HTMLCSSJavaScriptPythonData StructuresNode.jsReact,https://internshala.com/internship/detail/work-from-home-front-end-development-internship-at-recsify-technologies1766983610,Internshala
Internship,Full Stack Developer (React + Python),Orkait,Work from home,"₹ 7,000 - 9,000 /month",Fresher,N/A,HTMLCSSJavaScriptPythonReactTailwind CSSMicroservices,https://internshala.com/internship/detail/work-from-home-full-stack-developer-react-python-internship-at-orkait1766981628,Internshala
Internship,Python Development,Unessa Foundation,Work from home,Unpaid,Fresher,N/A,HTMLCSSPython,https://internshala.com/internship/detail/work-from-home-python-development-internship-at-unessa-foundation1766863200,Internshala
Internship,Competitive Programming And Problem Solving,Geeekd,Work from home,"₹ 15,000 - 25,000 /month",Fresher,N/A,JavaC#PythonAlgorithmsData StructuresC++ ProgrammingEnglish Proficiency (Spoken)+1 more,https://internshala.com/internship/detail/work-from-home-competitive-programming-and-problem-solving-internship-at-geeekd1766837945,Internshala
Internship,Python Development,ProAnalyser,"Chennai, Coimbatore, Madurai, Salem, Tirunelveli, Thirupur","₹ 6,300 - 7,500 /month",Fresher,N/A,HTMLCSSPython,https://internshala.com/internship/detail/python-development-internship-in-multiple-locations-at-proanalyser1766825561,Internshala
Internship,Full Stack Development,Gateway Software Solutions,"Chennai, Coimbatore, Erode, Madurai, Tirunelveli, Namakkal, Theni, Chengalpattu, Dharmapuri, Salem, Viluppuram, Tiruchirappalli","₹ 3,000 - 7,000 /month",Fresher,N/A,MySQLHTMLCSSJavaScriptPythonMongoDBAngularJS+2 more,https://internshala.com/internship/detail/full-stack-development-internship-in-multiple-locations-at-gateway-software-solutions1766819747,Internshala
Internship,AI/ML,The Affordable Organic Store,"Hyderabad, Kompally","₹ 20,000 /month",Fresher,N/A,PythonSQLCreative ThinkingGenerative AI Tools,https://internshala.com/internship/detail/ai-ml-internship-in-multiple-locations-at-the-affordable-organic-store1766819155,Internshala
Internship,Full Stack Development,"SkippyEd (Dubai, United Arab Emirates)",Work from home,"₹ 50,000 - 60,000 /month",Fresher,N/A,JavaScriptPythonGitNode.jsPostgreSQLReact,https://internshala.com/internship/detail/work-from-home-full-stack-development-internship-at-skippyed1766810646,Internshala
Internship,Systems Software Developer,Vicharak Computers LLP,Surat,"₹ 16,000 - 20,000 /month",Fresher,N/A,C#PythonC ProgrammingC++ Programming,https://internshala.com/internship/detail/systems-software-developer-internship-in-surat-at-vicharak-computers-llp1766808594,Internshala
Internship,Full Stack Development,ProAnalyser,Coimbatore,"₹ 6,300 - 7,500 /month",Fresher,N/A,HTMLCSSJavaScriptPython,https://internshala.com/internship/detail/full-stack-development-internship-in-coimbatore-at-proanalyser1766740018,Internshala
Internship,Artificial Intelligence (AI),SmartLabprojects,Work from home,"₹ 15,000 - 43,000 /month",Fresher,N/A,PythonMS-ExcelEffective CommunicationPrompt Engineering,https://internshala.com/internship/detail/work-from-home-part-time-artificial-intelligence-ai-internship-at-smartlabprojects1766733916,Internshala
Internship,Python Development,Monkhub,Gurgaon,"₹ 10,000 /month",Fresher,N/A,PythonLinuxUnixAlgorithmsData StructuresGitDjango+9 more,https://internshala.com/internship/detail/python-development-internship-in-gurgaon-at-monkhub1766733817,Internshala
Internship,Data Analytics,Wadhwani Foundation,Bangalore                                                                (Hybrid),"₹ 15,000 - 20,000 /month",Fresher,N/A,PythonSQLData AnalyticsMongoDBPostgreSQLMS-ExcelData Visualization+5 more,https://internshala.com/internship/detail/data-analytics-internship-in-bangalore-at-wadhwani-foundation1766725949,Internshala
Internship,Full Stack AI/ML,Andaz Kumar,Work from home,"₹ 7,000 - 12,000 /month",Fresher,N/A,JavaScriptPythonSQLNoSQLNeural NetworksArtificial intelligenceNext.js+1 more,https://internshala.com/internship/detail/work-from-home-full-stack-ai-ml-internship-at-andaz-kumar1766688465,Internshala
Internship,AI Agent Development,Shivankit TechSolutions OPC Private Limited,Work from home,"₹ 5,000 - 10,000 /month",Fresher,N/A,Python,https://internshala.com/internship/detail/work-from-home-ai-agent-development-internship-at-shivankit-techsolutions-opc-private-limited1766666050,Internshala
Internship,Full Stack Development,Baethar,Kullu                                                                (Hybrid),"₹ 5,000 - 10,000 /month",Fresher,N/A,MySQLHTMLCSSJavaScriptPythonReact,https://internshala.com/internship/detail/part-time-full-stack-development-internship-in-kullu-at-baethar1766644308,Internshala
Internship,Data Analytics,Rajlaxmi Solutions Private Limited,"Thane, Mumbai","₹ 3,000 - 10,000 /month",Fresher,N/A,PythonSQLData AnalyticsMS-ExcelCoordinationPower BIReport Generation,https://internshala.com/internship/detail/data-analytics-internship-in-multiple-locations-at-rajlaxmi-solutions-private-limited1766579714,Internshala
Internship,Circuit Design,TSTEPS PRIVATE LIMITED,"Thiruvananthapuram, Kerala Estate                                                                (Hybrid)","₹ 10,000 - 15,000 /month",Fresher,N/A,PythonSeleniumJiraPostmanAPIs,https://internshala.com/internship/detail/circuit-design-internship-in-multiple-locations-at-tsteps-private-limited1766556682,Internshala
Internship,Data Science,MCube AI Private Limited,Gurgaon,"₹ 20,000 - 30,000 /month",Fresher,N/A,PythonSQLData AnalyticsMachine LearningData ScienceNatural Language Processing (NLP)Deep Learning+1 more,https://internshala.com/internship/detail/data-science-internship-in-gurgaon-at-mcube-ai-private-limited1766556265,Internshala
Internship,QA Engineer,TSTEPS PRIVATE LIMITED,"Kolkata, Pune                                                                (Hybrid)","₹ 10,000 - 15,000 /month",Fresher,N/A,PythonManual TestingAPIsSoftware Development Life Cycle (SDLC)TrelloSTLC,https://internshala.com/internship/detail/qa-engineer-internship-in-multiple-locations-at-tsteps-private-limited1766555946,Internshala
Internship,E-Commerce,Mabross Life OPC Private Limited,Palakkad,"₹ 13,000 - 28,000 /month",Fresher,N/A,Python,https://internshala.com/internship/detail/e-commerce-internship-in-palakkad-at-v-k-r-kurup1766549402,Internshala
Internship,"Technical Content Writer (AI, LLM, & Generative AI)",Shivanshu Baweja,Work from home,"₹ 6,000 - 10,000 /month",Fresher,N/A,Content WritingPythonLinkedIn MarketingEnglish Proficiency (Written)Artificial intelligenceHugging FaceWritten Communication+2 more,https://internshala.com/internship/detail/work-from-home-technical-content-writer-ai-llm-generative-ai-internship-at-shivanshu-baweja1766494169,Internshala
Internship,Cyber Security,Gateway Software Solutions,"Chennai, Coimbatore, Madurai","₹ 7,500 - 15,000 /month",Fresher,N/A,PythonComputer NetworkingLinuxEthical HackingWeb Application Security,https://internshala.com/internship/detail/cyber-security-internship-in-multiple-locations-at-gateway-software-solutions1766493415,Internshala
Internship,Junior STEM Mentor/Educator/Trainer/Robotics Mentor,STEMx,Bangalore,"₹ 12,000 - 15,000 /month",Fresher,N/A,PythonRoboticsTeachingRaspberry PiComputer skillsMentorshipC++ Programming+4 more,https://internshala.com/internship/detail/junior-stem-mentor-educator-trainer-robotics-mentor-internship-in-bangalore-at-stemx1766483866,Internshala
Internship,Test Engineer,TSTEPS PRIVATE LIMITED,"Madurai, Salem                                                                (Hybrid)","₹ 10,000 - 15,000 /month",Fresher,N/A,PythonC ProgrammingTest Case Design,https://internshala.com/internship/detail/test-engineer-internship-in-multiple-locations-at-tsteps-private-limited1766476295,Internshala
Internship,Hardware Engineer,TSTEPS PRIVATE LIMITED,"Bangalore, Karnataka                                                                (Hybrid)","₹ 10,000 - 15,000 /month",Fresher,N/A,PythonC ProgrammingOrCADCadenceLTSpice,https://internshala.com/internship/detail/hardware-engineer-internship-in-multiple-locations-at-tsteps-private-limited1766476026,Internshala
Internship,Full Stack Development,Grarri Private Limited,Hyderabad,"₹ 15,000 /month",Fresher,N/A,PythonMongoDBNode.jsReactTypeScriptNext.js,https://internshala.com/internship/detail/full-stack-development-internship-in-hyderabad-at-grarri-private-limited1766473074,Internshala
Internship,Backend Development,Grarri Private Limited,Hyderabad,"₹ 15,000 /month",Fresher,N/A,PythonMongoDBPostgreSQLREST API,https://internshala.com/internship/detail/backend-development-internship-in-hyderabad-at-grarri-private-limited1766472824,Internshala
Internship,Artificial Intelligence (AI),Matrix International,Work from home,"₹ 7,000 - 10,000 /month",Fresher,N/A,PythonData StructuresMachine LearningGitHubREST APIEnglish Proficiency (Spoken)English Proficiency (Written)+5 more,https://internshala.com/internship/detail/work-from-home-artificial-intelligence-ai-internship-at-matrix-international1766464031,Internshala
Internship,Software Developer,InstaAstro,Noida,"₹ 15,000 /month",Fresher,N/A,PythonDjangoDjango Rest Framework,https://internshala.com/internship/detail/software-developer-internship-in-noida-at-instaastro1766463568,Internshala
Internship,Software Development,Mondy India Private Limited,Lucknow,"₹ 5,000 - 10,000 /month",Fresher,N/A,JavaScriptPythonData StructuresDjangoReactNext.jsDjango Rest Framework,https://internshala.com/internship/detail/software-development-internship-in-lucknow-at-mondy-india-private-limited1766462951,Internshala
Internship,Backend (Django And Python Developer),StepOut,Work from home,"₹ 15,000 - 20,000 /month",Fresher,N/A,MySQLPythonMongoDBDjangoNoSQL,https://internshala.com/internship/detail/work-from-home-backend-django-and-python-developer-internship-at-stepout1766401802,Internshala
Internship,Algorithmic Trader (EA Developer),"Madocks PTE LTD (Singapore, Singapore)",Work from home,"₹ 10,000 - 12,500 /month",Fresher,N/A,PythonAlgorithmsGitHubStock Trading,https://internshala.com/internship/detail/work-from-home-algorithmic-trader-ea-developer-internship-at-madocks-pte-ltd1766382193,Internshala
Internship,Information Technology,TSTEPS PRIVATE LIMITED,"Chengalpattu, Puduchery                                                                (Hybrid)","₹ 10,000 - 15,000 /month",Fresher,N/A,JavaPythonComputer Networking,https://internshala.com/internship/detail/information-technology-internship-in-multiple-locations-at-tsteps-private-limited1766398114,Internshala
Internship,Full Stack Development,LivNSense,Bangalore,"₹ 10,000 - 15,000 /month",Fresher,N/A,MySQLHTMLCSSJavaScriptPythonBootstrapMongoDB+13 more,https://internshala.com/internship/detail/full-stack-development-internship-in-bangalore-at-livnsense1766393737,Internshala
Internship,Software Development,Super.Family,Work from home,"₹ 15,500 - 18,500 /month",Fresher,N/A,PythonNode.jsPostgreSQLNoSQLMicrosoft AzureREST APIArtificial intelligence+4 more,https://internshala.com/internship/detail/work-from-home-software-development-internship-at-superfamily1766391735,Internshala
Internship,Subject Matter Expert (SME) - AI/ML,House Of Couton Private Limited,Work from home,"₹ 12,000 - 35,000 /month",Fresher,N/A,PythonData StructuresMachine LearningData ScienceNeural NetworksNatural Language Processing (NLP)Deep Learning+1 more,https://internshala.com/internship/detail/work-from-home-subject-matter-expert-sme-ai-ml-internship-at-house-of-couton-private-limited1766383217,Internshala
Internship,Full Stack Development,Maxgen Technologies Private Limited,Ahmedabad,"₹ 5,000 - 12,000 /month",Fresher,N/A,JavaScriptPythonMongoDBNode.jsReactBubble.io,https://internshala.com/internship/detail/part-time-full-stack-development-internship-in-ahmedabad-at-maxgen-technologies-private-limited1766381108,Internshala
Internship,AI Engineer,Neura Dynamics,Work from home,"₹ 10,000 - 15,000 /month",Fresher,N/A,PythonMachine LearningArtificial intelligencePrompt Engineering,https://internshala.com/internship/detail/work-from-home-ai-engineer-internship-at-neura-dynamics1766381030,Internshala
Internship,Embedded Systems,Cinemate™,Mumbai,"₹ 10,000 - 17,000 /month",Fresher,N/A,PythonARM MicrocontrollerRaspberry PiEmbedded SystemsArduinoCircuit DesignC Programming+2 more,https://internshala.com/internship/detail/embedded-systems-internship-in-mumbai-at-cinemate1766380636,Internshala
Internship,Full Stack Development,Cinemate™,Mumbai,"₹ 10,000 - 17,000 /month",Fresher,N/A,JavaScriptPythonLinuxNode.jsPostgreSQLFrontend developmentReact+5 more,https://internshala.com/internship/detail/full-stack-development-internship-in-mumbai-at-cinemate1766380587,Internshala
Internship,Campus Ambassador,IESoft Technologies Private Limited,Work from home,Performance Based,Fresher,N/A,PythonGitHubData ScienceEnglish Proficiency (Spoken)English Proficiency (Written)Artificial intelligenceInterpersonal skills+6 more,https://internshala.com/internship/detail/campus-ambassador-programme-at-iesoft-technologies-private-limited1766379582,Internshala
Internship,Artificial Intelligence (AI),Across The Globe (ATG),Work from home,"₹ 2,500 - 10,000 /month",Fresher,N/A,PythonData StructuresMachine LearningComputer VisionData ScienceNeural NetworksNatural Language Processing (NLP)+2 more,https://internshala.com/internship/detail/work-from-home-artificial-intelligence-ai-internship-at-across-the-globe-atg1766376742,Internshala
Internship,Machine Learning,Maxgen Technologies Private Limited,Pune,"₹ 5,000 - 12,000 /month",Fresher,N/A,PythonMachine LearningNatural Language Processing (NLP)Deep Learning,https://internshala.com/internship/detail/machine-learning-internship-in-pune-at-maxgen-technologies-private-limited1766336939,Internshala
Internship,Full Stack Development,She Can Foundation,Work from home,Unpaid,Fresher,N/A,PHPMySQLHTMLCSSJavaScriptPythonMongoDB+9 more,https://internshala.com/internship/detail/work-from-home-full-stack-development-internship-at-she-can-foundation1766319279,Internshala
Internship,Machine Learning,Zdminds,Work from home,"₹ 10,000 - 20,000 /month",Fresher,N/A,PythonData AnalyticsMachine LearningR ProgrammingData ScienceNatural Language Processing (NLP)Deep Learning+1 more,https://internshala.com/internship/detail/work-from-home-machine-learning-internship-at-zdminds1766293864,Internshala
Internship,Business Analytics,CloudZapier,Work from home,"₹ 10,000 - 20,000 /month",Fresher,N/A,MS-OfficePythonSQLData AnalyticsMS-ExcelEnglish Proficiency (Spoken)English Proficiency (Written)+1 more,https://internshala.com/internship/detail/work-from-home-business-analytics-internship-at-cloudzapier1766288308,Internshala
Internship,Computational Designer,Studio PARAMETRIC,Bangalore,"₹ 20,000 - 25,000 /month",Fresher,N/A,JavaC#Python.NETAPIs,https://internshala.com/internship/detail/computational-designer-internship-in-bangalore-at-studio-parametric1766234144,Internshala
Internship,Full Stack Development,Career Solutions,Chennai,"₹ 5,500 - 11,000 /month",Fresher,N/A,MySQLCSSJavaScriptPythonAngularJSNode.jsReact,https://internshala.com/internship/detail/full-stack-development-internship-in-chennai-at-career-solutions1766227022,Internshala
Internship,Artificial Intelligence (AI),Zdminds,Work from home,"₹ 10,000 - 20,000 /month",Fresher,N/A,PythonData StructuresMachine LearningData ScienceNeural NetworksNatural Language Processing (NLP)Deep Learning,https://internshala.com/internship/detail/work-from-home-part-time-artificial-intelligence-ai-internship-at-zdminds1766209157,Internshala
Internship,Data Science,Zdminds,Work from home,"₹ 10,000 - 20,000 /month",Fresher,N/A,PythonSQLData AnalyticsMachine LearningData ScienceNatural Language Processing (NLP),https://internshala.com/internship/detail/work-from-home-data-science-internship-at-zdminds1766209134,Internshala
Internship,Full Stack Development,Triluxo Technologies Private Limited,Work from home,"₹ 5,000 /month",Fresher,N/A,JavaScriptPythonMongoDBNode.jsReactTypeScriptTailwind CSS+3 more,https://internshala.com/internship/detail/work-from-home-part-time-full-stack-development-internship-at-triluxo-technologies-private-limited1766208122,Internshala
Internship,Artificial Intelligence (AI),GenSpark India,Bangalore,"₹ 15,000 - 20,000 /month",Fresher,N/A,PythonData StructuresMachine LearningData ScienceNeural NetworksNatural Language Processing (NLP)Deep Learning+3 more,https://internshala.com/internship/detail/artificial-intelligence-ai-internship-in-bangalore-at-genspark-india1766207943,Internshala
Internship,Data Analytics,Zdminds,Work from home,"₹ 10,000 - 25,000 /month",Fresher,N/A,PythonSQLData AnalyticsMS-ExcelData SciencePower BITableau,https://internshala.com/internship/detail/work-from-home-data-analytics-internship-at-zdminds1766204118,Internshala
Internship,Business Analytics,Zdminds,Work from home,"₹ 10,000 - 20,000 /month",Fresher,N/A,MS-OfficePythonSQLData AnalyticsMS-ExcelEnglish Proficiency (Spoken)English Proficiency (Written)+1 more,https://internshala.com/internship/detail/work-from-home-business-analytics-internship-at-zdminds1766204071,Internshala
Internship,Data Science,CareerNest,Work from home,"₹ 12,000 - 15,000 /month",Fresher,N/A,PythonData AnalyticsMachine LearningData ScienceNatural Language Processing (NLP)Deep LearningArtificial intelligence,https://internshala.com/internship/detail/work-from-home-data-science-internship-at-careernest1766202842,Internshala
Internship,Smart Chess Board Development,PARAMOUNT CHESS,Ludhiana,"₹ 15,000 /month",Fresher,N/A,PythonRoboticsRaspberry PiArduinoInternet of Things (IoT),https://internshala.com/internship/detail/smart-chess-board-development-internship-in-ludhiana-at-paramount-chess1766141175,Internshala
Internship,Innovation Project,STEMpedia,Ahmedabad,"₹ 8,000 - 12,000 /month",Fresher,N/A,PythonPhysicsChemistryMathematicsBiologyEffective Communication,https://internshala.com/internship/detail/innovation-project-internship-in-ahmedabad-at-stempedia1766141871,Internshala
Internship,Django Developer,Medius Technologies Private Limited,Work from home,"₹ 5,000 - 6,500 /month",Fresher,N/A,MySQLPythonDjangoMachine LearningPostgreSQLREST APIRedis,https://internshala.com/internship/detail/work-from-home-django-developer-internship-at-medius-technologies-private-limited1766140626,Internshala
Internship,Full Stack Engineer,TSTEPS PRIVATE LIMITED,"Chennai, Puduchery                                                                (Hybrid)","₹ 10,000 - 15,000 /month",Fresher,N/A,JavaPHPJavaScriptPythonNode.js,https://internshala.com/internship/detail/full-stack-engineer-internship-in-multiple-locations-at-tsteps-private-limited1766140505,Internshala
Internship,Backend Development,Neura Dynamics,Work from home,"₹ 10,000 - 15,000 /month",Fresher,N/A,PythonSQLGitDockerFastAPIAWS CloudFormation,https://internshala.com/internship/detail/work-from-home-backend-development-internship-at-neura-dynamics1766138710,Internshala
Internship,Python Development,Medius Technologies Private Limited,"Thane, Navi Mumbai, Mumbai","₹ 9,500 - 10,000 /month",Fresher,N/A,PythonDjangoMachine LearningREST API,https://internshala.com/internship/detail/python-development-internship-in-multiple-locations-at-medius-technologies-private-limited1766134809,Internshala
Internship,Robotics,TSTEPS PRIVATE LIMITED,"Erode, Vellore                                                                (Hybrid)","₹ 10,000 - 15,000 /month",Fresher,N/A,PythonRoboticsRaspberry PiEmbedded SystemsC ProgrammingC++ Programming,https://internshala.com/internship/detail/robotics-internship-in-multiple-locations-at-tsteps-private-limited1766131747,Internshala
Internship,Cyber Security,TSTEPS PRIVATE LIMITED,"Chennai, Chengalpattu                                                                (Hybrid)","₹ 10,000 - 15,000 /month",Fresher,N/A,PythonComputer NetworkingLinuxEthical Hacking,https://internshala.com/internship/detail/cyber-security-internship-in-multiple-locations-at-tsteps-private-limited1766128709,Internshala
Internship,Automation Engineer,TSTEPS PRIVATE LIMITED,"Andra, Assam                                                                (Hybrid)","₹ 10,000 - 15,000 /month",Fresher,N/A,JavaJavaScriptPythonSeleniumCypress,https://internshala.com/internship/detail/automation-engineer-internship-in-multiple-locations-at-tsteps-private-limited1766128555,Internshala
Internship,Machine Learning,TSTEPS PRIVATE LIMITED,"Rajasthan, Punjab                                                                (Hybrid)","₹ 10,000 - 15,000 /month",Fresher,N/A,PythonData AnalyticsMachine LearningData ScienceNatural Language Processing (NLP),https://internshala.com/internship/detail/machine-learning-internship-in-multiple-locations-at-tsteps-private-limited1766125201,Internshala
Internship,Software Engineer,TSTEPS PRIVATE LIMITED,"Delhi, Andaman                                                                (Hybrid)","₹ 10,000 - 15,000 /month",Fresher,N/A,JavaPythonSQLNode.js,https://internshala.com/internship/detail/software-engineer-internship-in-multiple-locations-at-tsteps-private-limited1766124851,Internshala
Internship,Full Stack Development,SurgePV,Work from home,"₹ 20,000 - 30,000 /month",Fresher,N/A,JavaScriptPythonReact,https://internshala.com/internship/detail/work-from-home-full-stack-development-internship-at-surgepv1766122516,Internshala
Internship,AI Agent Development,Muncho Technologies Private Limited,Work from home,"₹ 5,000 /month",Fresher,N/A,PythonMongoDBNode.jsPostgreSQLDockerAmazon Web Services (AWS)Artificial intelligence+5 more,https://internshala.com/internship/detail/work-from-home-ai-agent-development-internship-at-muncho-technologies-private-limited1766117551,Internshala
Internship,Data Analytics,CloudZapier,Work from home,"₹ 10,000 - 20,000 /month",Fresher,N/A,PythonSQLData AnalyticsMS-ExcelData SciencePower BITableau,https://internshala.com/internship/detail/work-from-home-data-analytics-internship-at-cloudzapier1766117090,Internshala
Internship,Python Development,CloudZapier,Work from home,"₹ 10,000 - 20,000 /month",Fresher,N/A,HTMLCSSPythonDjangoMachine LearningREST APIFlask,https://internshala.com/internship/detail/work-from-home-python-development-internship-at-cloudzapier1766116261,Internshala
Internship,Artificial Intelligence (AI),CloudZapier,Work from home,"₹ 10,000 - 20,000 /month",Fresher,N/A,PythonData StructuresMachine LearningData ScienceNeural NetworksNatural Language Processing (NLP)Deep Learning+1 more,https://internshala.com/internship/detail/work-from-home-artificial-intelligence-ai-internship-at-cloudzapier1766116241,Internshala
Internship,Data Science,CloudZapier,Work from home,"₹ 10,000 - 20,000 /month",Fresher,N/A,PythonSQLData AnalyticsMachine LearningData ScienceNatural Language Processing (NLP)Deep Learning+1 more,https://internshala.com/internship/detail/work-from-home-data-science-internship-at-cloudzapier1766116222,Internshala
Internship,Angular UI Development,NRI PelliGola,Work from home,"₹ 17,000 - 18,000 /month",Fresher,N/A,HTMLPythonGitPostgreSQLREST APISCSSTypeScript+1 more,https://internshala.com/internship/detail/work-from-home-part-time-angular-ui-development-internship-at-nri-pelligola1766058144,Internshala
Internship,PhD Subject Matter Expert (Biology) – Scientific Coding & Research,Graveiens Eduservices Private Limited,Work from home,"₹ 30,000 - 40,000 /month",Fresher,N/A,PythonBioinformaticsResearch and Analytics,https://internshala.com/internship/detail/work-from-home-part-time-phd-subject-matter-expert-biology--scientific-coding-research-internship-at-graveiens-eduservices-private-limited1766055540,Internshala
Internship,IoT Platform Developer (Semester Internship),DAO EV Tech,Punewadi,"₹ 8,001 - 12,000 /month",Fresher,N/A,PythonSQLNode.jsInternet of Things (IoT)REST API,https://internshala.com/internship/detail/iot-platform-developer-semester-internship-internship-in-punewadi-at-dao-ev-tech1766053533,Internshala
Internship,Full Stack Development,Intelligent Salesman,"Faridabad, Delhi, Ghaziabad, Gurgaon, Greater Noida, Noida, Dwarka","₹ 20,000 /month",Fresher,N/A,MySQLHTMLCSSJavaScriptPythonMongoDBMachine Learning+9 more,https://internshala.com/internship/detail/full-stack-development-internship-in-multiple-locations-at-intelligent-salesman1766045732,Internshala
Internship,Full Stack Development,Tapza Technologies Private Limited,"Warangal, Hyderabad","₹ 25,000 - 40,000 /month",Fresher,N/A,JavaJavaScriptPythonMongoDBNode.jsMicrosoft AzureREST API+4 more,https://internshala.com/internship/detail/full-stack-development-internship-in-multiple-locations-at-tapza-technologies-private-limited1766040532,Internshala
Internship,Data Science,Bhaayo Technologies,Work from home,"₹ 6,000 /month",Fresher,N/A,PythonData AnalyticsMachine LearningData ScienceNatural Language Processing (NLP)Deep Learning,https://internshala.com/internship/detail/work-from-home-part-time-data-science-internship-at-bhaayo-technologies1765956486,Internshala
Internship,Data Science,Tradexa Technologies Private Limited,Pune,"₹ 15,000 - 18,000 /month",Fresher,N/A,PythonSQLAlgorithmsData StructuresData AnalyticsStatistical ModelingGit+2 more,https://internshala.com/internship/detail/data-science-internship-in-pune-at-tradexa-technologies-private-limited1765955031,Internshala
Internship,AI Tutor For Kids,Spikitech Private Limited,Work from home,"₹ 5,000 - 50,000 /month",Fresher,N/A,PythonTeachingArtificial intelligencePython Libraries,https://internshala.com/internship/detail/work-from-home-ai-tutor-for-kids-internship-at-spikitech-private-limited1765948686,Internshala
Internship,Robotics,Inferigence Quotient Private Limited,Bangalore,"₹ 20,000 - 30,000 /month",Fresher,N/A,PythonRoboticsEmbedded SystemsC ProgrammingC++ ProgrammingGazebo,https://internshala.com/internship/detail/robotics-internship-in-bangalore-at-inferigence-quotient-private-limited1765945574,Internshala
Internship,Computer Vision,Inferigence Quotient Private Limited,Bangalore,"₹ 25,000 - 40,000 /month",Fresher,N/A,MATLABOpenCVPythonLinuxMachine LearningComputer VisionDeep Learning,https://internshala.com/internship/detail/computer-vision-internship-in-bangalore-at-inferigence-quotient-private-limited1765945244,Internshala
Internship,Backend Development,Inferigence Quotient Private Limited,Bangalore,"₹ 20,000 - 30,000 /month",Fresher,N/A,MySQLPythonMongoDBNode.jsExpress.jsREST APIFastAPI,https://internshala.com/internship/detail/backend-development-internship-in-bangalore-at-inferigence-quotient-private-limited1765944646,Internshala
Internship,Web Developer,Maxgen Technologies Private Limited,Pune,"₹ 5,000 - 12,000 /month",Fresher,N/A,PythonNode.jsWeb developmentReactMERN,https://internshala.com/internship/detail/part-time-web-developer-internship-in-pune-at-maxgen-technologies-private-limited1765943733,Internshala
Internship,Software Development,Hirewheels Bike On Rent,Work from home,"₹ 10,000 - 20,000 /month",Fresher,N/A,HTMLPython,https://internshala.com/internship/detail/work-from-home-software-development-internship-at-hirewheels-bike-on-rent1765935855,Internshala
Internship,Full Stack Development,Relai.world,Hyderabad,"₹ 5,000 - 7,000 /month",Fresher,N/A,HTMLCSSJavaScriptPythonMongoDBAngularJSNode.js+5 more,https://internshala.com/internship/detail/full-stack-development-internship-in-hyderabad-at-relaiworld1765889252,Internshala
Internship,AI/Machine Learning,Relai.world,"Hyderabad, Bangalore","₹ 4,000 - 5,000 /month",Fresher,N/A,PythonProblem Solvingscikit-learnTensorFlowPyTorchKeras,https://internshala.com/internship/detail/part-time-ai-machine-learning-internship-in-multiple-locations-at-relaiworld1765882328,Internshala
Internship,Artificial Intelligence (AI),PadCare Labs,Pune,"₹ 15,000 - 25,000 /month",Fresher,N/A,PythonMachine LearningData ScienceArtificial intelligencePrompt EngineeringChatGPTLLMOps,https://internshala.com/internship/detail/artificial-intelligence-ai-internship-in-pune-at-padcare-labs1765881562,Internshala
Internship,Python Development,SNB Digi Solutions Private Limited,Work from home,"₹ 1,000 - 5,000 /month",Fresher,N/A,HTMLCSSPythonSQLJSONSQLiteFlask+2 more,https://internshala.com/internship/detail/work-from-home-python-development-internship-at-snb-digi-solutions-private-limited1765874896,Internshala
Internship,Technical / Application Support,Tessel Technologies,Work from home,"₹ 5,000 /month",Fresher,N/A,HTMLCSSJavaScriptPythonClient Relationship Management (CRM)Technical SupportEnglish Proficiency (Spoken)+2 more,https://internshala.com/internship/detail/work-from-home-customer-service-customer-support-internship-at-tessel-technologies1765874438,Internshala
Internship,MERN Stack,Maxgen Technologies Private Limited,Pune,"₹ 5,000 - 15,000 /month",Fresher,N/A,JavaPythonNode.jsReactMERN,https://internshala.com/internship/detail/mern-stack-internship-in-pune-at-maxgen-technologies-private-limited1765873860,Internshala
Internship,Software Development Engineering (Web),Hunt Digital Media,Work from home,"₹ 3,500 - 6,000 /month",Fresher,N/A,PHPPythonLaravel,https://internshala.com/internship/detail/work-from-home-software-development-engineering-web-internship-at-hunt-digital-media1765808859,Internshala
Internship,Data Analytics,BNM Business Solutions LLP,"Thane, Navi Mumbai, Kalyan, Mumbai, Bhiwandi, Panvel","₹ 9,000 /month",Fresher,N/A,MS-OfficePythonData AnalyticsOperationsMS-ExcelLead GenerationPower BI+3 more,https://internshala.com/internship/detail/data-analytics-internship-in-multiple-locations-at-bnm-business-solutions-llp1765807144,Internshala
Internship,Founding Software Engineer,Calquity Technologies Private Limited,Work from home,"₹ 15,000 - 20,000 /month",Fresher,N/A,PythonMicrosoft AzureReactFastAPINext.js,https://internshala.com/internship/detail/work-from-home-founding-software-engineer-internship-at-calquity-technologies-private-limited1765798759,Internshala
Internship,AI & Machine Learning,Netfotech Solutions,"Gurgaon, Kolkata, Pune, Nagpur, Bangalore","₹ 3,500 - 15,000 /month",Fresher,N/A,PythonNeural NetworksTensorFlowArtificial intelligencePyTorchArtificial Intelligence Markup Language (AIML)LangChain+2 more,https://internshala.com/internship/detail/ai-machine-learning-internship-in-multiple-locations-at-netfotech-solutions1765794385,Internshala
Internship,Full Stack Development,SociolinQ Technologies Private Limited,Work from home,"₹ 5,000 - 20,000 /month",Fresher,N/A,PythonDjangoPostgreSQLReactTypeScriptFastAPI,https://internshala.com/internship/detail/work-from-home-full-stack-development-internship-at-sociolinq-technologies-private-limited1765792655,Internshala
Internship,Full Stack Development,SortWind Private Limited,Work from home,"₹ 5,000 /month",Fresher,N/A,PHPHTMLCSSJavaScriptPythonMongoDBNode.js+5 more,https://internshala.com/internship/detail/work-from-home-full-stack-development-internship-at-sortwind-private-limited1765792108,Internshala
Internship,AI & Automation Lead,Matrix International,Kolkata,"₹ 11,000 - 14,000 /month",Fresher,N/A,PythonMachine LearningGitHubREST APIEnglish Proficiency (Spoken)English Proficiency (Written)Natural Language Processing (NLP)+2 more,https://internshala.com/internship/detail/ai-automation-lead-internship-in-kolkata-at-matrix-international1765777084,Internshala
Internship,Artificial Intelligence (AI),PlanetMeta.Live,Hyderabad,"₹ 12,000 - 15,000 /month",Fresher,N/A,PythonMachine LearningNeural NetworksNatural Language Processing (NLP)Deep LearningArtificial intelligence,https://internshala.com/internship/detail/part-time-artificial-intelligence-ai-internship-in-hyderabad-at-planetmetalive1765776026,Internshala
Internship,Full Stack Development,Alphanumeric Ideas Private Limited,Mohali,"₹ 5,000 - 6,000 /month",Fresher,N/A,PHPMySQLHTMLCSSJavaScriptPythonMongoDB+4 more,https://internshala.com/internship/detail/full-stack-development-internship-in-mohali-at-alphanumeric-ideas-private-limited1765772886,Internshala
Internship,Computer Vision,Piccolo,Delhi,"₹ 10,000 - 18,000 /month",Fresher,N/A,OpenCVPythonDeep LearningPyTorch,https://internshala.com/internship/detail/computer-vision-internship-in-delhi-at-piccolo1765769197,Internshala
Internship,Python Developer (Serverless),Across The Globe (ATG),Work from home,"₹ 2,500 - 8,000 /month",Fresher,N/A,PythonDjangoMS SQL Server,https://internshala.com/internship/detail/work-from-home-python-developer-serverless-internship-at-across-the-globe-atg1765644334,Internshala
Internship,Electronics Engineering,1accord,Mumbai                                                                (Hybrid),"₹ 5,000 - 15,000 /month",Fresher,N/A,PythonARM MicrocontrollerRaspberry PiEmbedded SystemsArduinoCircuit DesignC Programming+3 more,https://internshala.com/internship/detail/electronics-engineering-internship-in-mumbai-at-1accord1765630834,Internshala
Internship,Python Developer For Algo Trading/Quant Development,Arthalab Solutions,Work from home,"₹ 3,000 - 4,000 /month",Fresher,N/A,PythonMongoDBREST API,https://internshala.com/internship/detail/work-from-home-python-developer-for-algo-trading-quant-development-internship-at-arthalab-solutions1765630919,Internshala
Internship,Data Science,Agastih Analytics Private Limited,Work from home,"₹ 5,000 - 8,000 /month",Fresher,N/A,PythonMachine LearningFinancial AnalysisArtificial intelligence,https://internshala.com/internship/detail/work-from-home-part-time-data-science-internship-at-agastih-analytics-private-limited1765630235,Internshala
Internship,Machine Learning,Infits,Work from home,"₹ 5,000 - 6,000 /month",Fresher,N/A,PythonData AnalyticsMachine LearningProblem SolvingComputer VisionAmazon Web Services (AWS)Natural Language Processing (NLP)+1 more,https://internshala.com/internship/detail/work-from-home-machine-learning-internship-at-infits1765629236,Internshala
Internship,Data Analytics,VEDANTIX SOFTWARES,Bangalore,"₹ 10,000 - 15,000 /month",Fresher,N/A,PythonSQLData AnalyticsMS-ExcelData SciencePower BITableau,https://internshala.com/internship/detail/data-analytics-internship-in-bangalore-at-vedantix-softwares1765611644,Internshala
Internship,Full Stack Development (Backend APIs & Integrations),Shiplee,Work from home,"₹ 2,000 - 3,200 /month",Fresher,N/A,MySQLJavaScriptPythonSQLNode.jsPostgreSQLExpress.js+3 more,https://internshala.com/internship/detail/work-from-home-full-stack-development-backend-apis-integrations-internship-at-shiplee1765602133,Internshala
Internship,Artificial Intelligence (AI),CODE Z IT SERVICES PVT LTD,Lucknow,"₹ 15,000 /month",Fresher,N/A,PythonData StructuresMachine LearningData ScienceNeural NetworksNatural Language Processing (NLP)Deep Learning+1 more,https://internshala.com/internship/detail/artificial-intelligence-ai-internship-in-lucknow-at-code-z-it-services-pvt-ltd1765601334,Internshala
Internship,Cyber Security,LI-MAT SOFT SOLUTIONS PRIVATE LIMITED,Bangalore,"₹ 5,000 - 10,000 /month",Fresher,N/A,PythonComputer NetworkingLinuxEthical HackingVAPTWeb Application Security,https://internshala.com/internship/detail/cyber-security-internship-in-bangalore-at-li-mat-soft-solutions-private-limited1765599533,Internshala
Internship,Python Development,Maxgen Technologies Private Limited,Pune,"₹ 5,000 - 12,000 /month",Fresher,N/A,HTMLCSSPythonDjangoMachine LearningREST API,https://internshala.com/internship/detail/python-development-internship-in-pune-at-maxgen-technologies-private-limited1765594730,Internshala
Internship,Front End Development,Primetrade.ai,"Chennai, Delhi, Hyderabad, Mumbai, Bangalore                                                                (Hybrid)","₹ 20,000 /month",Fresher,N/A,PythonFrontend developmentBackend development,https://internshala.com/internship/detail/front-end-development-internship-in-multiple-locations-at-primetradeai1765557841,Internshala
Internship,Backend Development,Primetrade.ai,"Pune, Hyderabad, Mumbai                                                                (Hybrid)","₹ 20,000 /month",Fresher,N/A,PythonFrontend developmentBackend development,https://internshala.com/internship/detail/backend-development-internship-in-multiple-locations-at-primetradeai1765557664,Internshala
Internship,Python Development,Primetrade.ai,Work from home,"₹ 10,000 - 15,000 /month",Fresher,N/A,PythonCryptographyREST APIStock TradingClinical Data Management,https://internshala.com/internship/detail/work-from-home-python-development-internship-at-primetradeai1765557487,Internshala
Internship,Data Science,Primetrade.ai,Work from home,"₹ 10,000 - 15,000 /month",Fresher,N/A,PythonTime ManagementStatisticsCryptographyStock Tradingweb3.jsNumPy+2 more,https://internshala.com/internship/detail/work-from-home-data-science-internship-at-primetradeai1765557294,Internshala
Internship,Backend Development,CodeIncubate,Gurgaon,"₹ 25,000 - 35,000 /month",Fresher,N/A,MySQLPythonMongoDBPostgreSQLDockerFastAPIRedis+4 more,https://internshala.com/internship/detail/backend-development-internship-in-gurgaon-at-codeincubate1765555097,Internshala
Internship,Data Analytics,VEDANTIX SOFTWARES,Pune,"₹ 10,000 - 15,000 /month",Fresher,N/A,PythonSQLData AnalyticsMS-ExcelData SciencePower BITableau,https://internshala.com/internship/detail/data-analytics-internship-in-pune-at-vedantix-softwares1765533152,Internshala
Internship,Project Engineer,Ebullient Automation Private Limited,Mumbai,"₹ 12,000 - 18,000 /month",Fresher,N/A,PythonEngineering DrawingEffective Communication,https://internshala.com/internship/detail/project-engineer-internship-in-mumbai-at-ebullient-automation-private-limited1765532302,Internshala
Internship,Data Science,Decision Tree Analytics And Services,"Delhi, Gurgaon, Noida","₹ 25,000 - 30,000 /month",Fresher,N/A,PythonMachine LearningData ScienceArtificial intelligence,https://internshala.com/internship/detail/data-science-internship-in-multiple-locations-at-decision-tree-analytics-and-services1765530025,Internshala
Internship,Software Development,VEDANTIX SOFTWARES,Pune,"₹ 10,000 - 1,50,000 /month",Fresher,N/A,JavaMySQLHTMLCSSJavaScriptPython.NET+3 more,https://internshala.com/internship/detail/software-development-internship-in-pune-at-vedantix-softwares1765528673,Internshala
Internship,Business Development (Mentor + Builder Role),Tech Tool Wale,Work from home,"₹ 2,000 - 5,000 /month",Fresher,N/A,PythonStrategyCreative WritingBusiness AnalysisBusiness ManagementBusiness DevelopmentArtificial intelligence+2 more,https://internshala.com/internship/detail/work-from-home-part-time-business-development-mentor-builder-role-internship-at-tech-tool-wale1765524231,Internshala
Internship,Artificial Intelligence (AI),Euprime,Work from home,"₹ 15,000 - 25,000 /month",Fresher,N/A,PythonData StructuresMachine LearningData ScienceDeep LearningArtificial intelligenceMarket research,https://internshala.com/internship/detail/work-from-home-artificial-intelligence-ai-internship-at-euprime1765517100,Internshala
Internship,Academic Interviewer,Newton School,Bangalore                                                                (Hybrid),"₹ 17,500 - 25,000 /month",Fresher,N/A,PythonMathematicsC++ Programming,https://internshala.com/internship/detail/academic-interviewer-internship-in-bangalore-at-newton-school1765452292,Internshala
Internship,AI Engineer,TECNVIRONS PRIVATE LIMITED,Work from home,"₹ 10,000 - 12,000 /month",Fresher,N/A,PythonBackend developmentDatabase Management System (DBMS)DevOpsAPIsIncident Response,https://internshala.com/internship/detail/work-from-home-ai-engineer-internship-at-tecnvirons-private-limited1765451811,Internshala
Internship,Data Scientist,Numyard,Work from home,"₹ 30,000 - 35,000 /month",Fresher,N/A,PythonMachine Learning,https://internshala.com/internship/detail/work-from-home-data-scientist-internship-at-numyard1765446222,Internshala
Internship,Data Engineer Specialist,Taiyō,Work from home,"₹ 30,000 - 80,000 /month",Fresher,N/A,Python,https://internshala.com/internship/detail/work-from-home-data-engineer-specialist-internship-at-taiy1765445349,Internshala
Internship,Engineering Managment,Learn Hill,Work from home,"₹ 2,000 - 2,001 /month",Fresher,N/A,Team ManagementPythonAlgorithmsMachine LearningAndroid,https://internshala.com/internship/detail/work-from-home-engineering-managment-internship-at-learn-hill1765443828,Internshala
Internship,Data Scientist,Digital Ipsum,Work from home,"₹ 10,000 - 15,000 /month",Fresher,N/A,PythonData AnalyticsMachine LearningMS SQL ServerData ScienceNatural Language Processing (NLP)TensorFlow+2 more,https://internshala.com/internship/detail/work-from-home-data-scientist-internship-at-digital-ipsum1765443218,Internshala
Internship,Full Stack Development,AiVibes Pvt. Ltd.,Mumbai,"₹ 20,000 - 35,000 /month",Fresher,N/A,JavaHTMLCSSJavaScriptPythonMongoDBPostgreSQL+3 more,https://internshala.com/internship/detail/full-stack-development-internship-in-mumbai-at-aivibes-pvt-ltd1765439504,Internshala
Internship,Full Stack Development,Floneo,Work from home,"₹ 5,000 - 10,000 /month",Fresher,N/A,JavaScriptPythonNode.jsPostgreSQLProblem SolvingExpress.jsReact+3 more,https://internshala.com/internship/detail/work-from-home-full-stack-development-internship-at-floneo1765431068,Internshala
Internship,Mobile & Native Reverse Engineering Analyst,Grozoom Ventures Technology Private Limited,Work from home,"₹ 28,000 - 30,000 /month",Fresher,N/A,PythonARM MicrocontrollerMobile Application DevelopmentAssemblyiOSAndroidDebugging,https://internshala.com/internship/detail/work-from-home-mobile-native-reverse-engineering-analyst-internship-at-grozoom-ventures-technology-private-limited1765426505,Internshala
Internship,AI Game Developer,NewZenAlpha Tech,Work from home,"₹ 15,000 - 20,000 /month",Fresher,N/A,PythonMachine LearningGame developmentArtificial intelligenceFastAPIRedisLangChain+1 more,https://internshala.com/internship/detail/work-from-home-ai-game-developer-internship-at-newzenalpha-tech1765371999,Internshala
Internship,Full Stack Development,Memli,Gurgaon                                                                (Hybrid),"₹ 4,000 - 5,000 /month",Fresher,N/A,MySQLHTMLCSSJavaScriptPythonGitNode.js+4 more,https://internshala.com/internship/detail/full-stack-development-internship-in-gurgaon-at-memli1765370012,Internshala
Internship,AI Engineer,ShivAI Tech Private Limited,Noida,"₹ 7,000 - 15,000 /month",Fresher,N/A,PythonSQLMongoDBGitHubNatural Language Processing (NLP)Artificial intelligenceGenerative AI Tools+2 more,https://internshala.com/internship/detail/ai-engineer-internship-in-noida-at-shivai-tech-private-limited1765364879,Internshala
Internship,Data Research Analyst (Must Know Python),"Estate Atlas (Los Angeles, United States)",Work from home,"₹ 5,000 - 10,000 /month",Fresher,N/A,PythonSQLData InterpretationData AnalysisPython Libraries,https://internshala.com/internship/detail/work-from-home-data-research-analyst-must-know-python-internship-at-estate-atlas1765362046,Internshala
Internship,AI-Machine Lerning,Maxgen Technologies Private Limited,Ahmedabad,"₹ 5,000 - 12,000 /month",Fresher,N/A,PythonMachine LearningDeep LearningArtificial intelligence,https://internshala.com/internship/detail/part-time-ai-machine-lerning-internship-in-ahmedabad-at-maxgen-technologies-private-limited1765357926,Internshala
Internship,Artificial Intelligence (AI),DataToBiz,Work from home,"₹ 12,000 - 15,000 /month",Fresher,N/A,PythonMachine LearningData ScienceNatural Language Processing (NLP)Deep LearningArtificial intelligenceGenerative AI Tools+1 more,https://internshala.com/internship/detail/work-from-home-artificial-intelligence-ai-internship-at-datatobiz1765349375,Internshala
Internship,Machine Learning,Maxgen Technologies Private Limited,Pune,"₹ 5,000 - 12,000 /month",Fresher,N/A,PythonMachine LearningData ScienceDeep LearningArtificial intelligence,https://internshala.com/internship/detail/machine-learning-internship-in-pune-at-maxgen-technologies-private-limited1765352124,Internshala
Internship,Computer Vision,Swafinix Technologies Pvt Ltd,Work from home,"₹ 25,000 - 37,000 /month",Fresher,N/A,JavaScriptOpenCVPythonLinuxDjangoMachine LearningComputer Vision+3 more,https://internshala.com/internship/detail/work-from-home-computer-vision-internship-at-swafinix-technologies-pvt-ltd1765350275,Internshala
Internship,Machine Learning,EvoNexis,Work from home,"₹ 15,000 - 25,000 /month",Fresher,N/A,PythonData AnalyticsMachine LearningR ProgrammingData ScienceNatural Language Processing (NLP)Deep Learning+1 more,https://internshala.com/internship/detail/work-from-home-machine-learning-internship-at-evonexis1765345515,Internshala
Internship,Full Stack Development,"Citrine & Sage Limited (London, United Kingdom)",Work from home,"₹ 5,000 - 10,000 /month",Fresher,N/A,MySQLJavaScriptPythonReactFlaskOpenAI APIGemini,https://internshala.com/internship/detail/work-from-home-full-stack-development-internship-at-citrine-sage-limited1765344754,Internshala
Internship,Machine Learning,Liberdat B.V.,Work from home,"₹ 15,000 /month",Fresher,N/A,PythonData AnalyticsMachine LearningData Sciencescikit-learnAmazon Web Services (AWS)Deep Learning+4 more,https://internshala.com/internship/detail/work-from-home-machine-learning-internship-at-liberdat-bv1765343007,Internshala
Internship,Data Analytics,EvoNexis,Work from home,"₹ 15,000 - 25,000 /month",Fresher,N/A,PythonSQLData AnalyticsMS-ExcelData SciencePower BITableau,https://internshala.com/internship/detail/work-from-home-data-analytics-internship-at-evonexis1765341928,Internshala
Internship,Business Analytics,EvoNexis,Work from home,"₹ 10,000 - 20,000 /month",Fresher,N/A,MS-OfficePythonSQLData AnalyticsMS-ExcelEnglish Proficiency (Spoken)English Proficiency (Written)+1 more,https://internshala.com/internship/detail/work-from-home-business-analytics-internship-at-evonexis1765341909,Internshala
Internship,Python Development (Night Shift | WFH),SaaSBanana Technologies,Work from home,"₹ 8,000 - 10,000 /month",Fresher,N/A,PythonSQLFlask,https://internshala.com/internship/detail/work-from-home-python-development-night-shift--wfh-internship-at-saasbanana-technologies1765341516,Internshala
Internship,Blockchain Development,SortWind Private Limited,Work from home,"₹ 5,000 /month",Fresher,N/A,PHPMySQLHTMLCSSJavaScriptPythonMongoDB+10 more,https://internshala.com/internship/detail/work-from-home-blockchain-development-internship-at-sortwind-private-limited1765285611,Internshala
Internship,Full Stack Development,One Root,Bangalore,"₹ 15,000 - 18,000 /month",Fresher,N/A,PythonNode.jsPostgreSQLExpress.jsReactReact NativeRedis,https://internshala.com/internship/detail/full-stack-development-internship-in-bangalore-at-one-root1765279368,Internshala
Internship,Full Stack Development,Gristip,Nagpur                                                                (Hybrid),"₹ 3,000 - 5,000 /month",Fresher,N/A,HTMLCSSPythonNode.jsReactDatabase Management System (DBMS),https://internshala.com/internship/detail/full-stack-development-internship-in-nagpur-at-gristip1765263691,Internshala
Internship,Python Development,EvoNexis,Work from home,"₹ 10,000 - 20,000 /month",Fresher,N/A,HTMLCSSPythonDjangoMachine LearningREST APIFlask,https://internshala.com/internship/detail/work-from-home-python-development-internship-at-evonexis1765253907,Internshala
Internship,Artificial Intelligence (AI),EvoNexis,Work from home,"₹ 10,000 - 20,000 /month",Fresher,N/A,PythonData StructuresMachine LearningData ScienceNeural NetworksNatural Language Processing (NLP)Deep Learning+1 more,https://internshala.com/internship/detail/work-from-home-artificial-intelligence-ai-internship-at-evonexis1765253879,Internshala
Internship,Data Science,EvoNexis,Work from home,"₹ 10,000 - 20,000 /month",Fresher,N/A,PythonSQLData AnalyticsMachine LearningData ScienceNatural Language Processing (NLP)Deep Learning+1 more,https://internshala.com/internship/detail/work-from-home-data-science-internship-at-evonexis1765253851,Internshala
Internship,Full Stack Development,CodeRoofs,Work from home,"₹ 10,000 - 12,000 /month",Fresher,N/A,PHPMySQLHTMLCSSJavaScriptPythonMongoDB+3 more,https://internshala.com/internship/detail/work-from-home-full-stack-development-internship-at-coderoofs1765202383,Internshala
Internship,Data Science,Zopper,Noida,"₹ 8,000 - 10,000 /month",Fresher,N/A,PythonData AnalyticsMS-Excel,https://internshala.com/internship/detail/data-science-internship-in-noida-at-zopper1765202231,Internshala
Internship,Data Science Course Developer & Instructor,SelfCode Academy,Work from home,"₹ 20,000 - 40,000 lump sum",Fresher,N/A,PythonData SciencePython Libraries,https://internshala.com/internship/detail/work-from-home-part-time-data-science-course-developer-instructor-internship-at-selfcode-academy1765195713,Internshala
Internship,Software Development,Victopia Labs,"Chennai, Madurai, Chinna Chokikulam","₹ 15,000 - 25,000 /month",Fresher,N/A,MySQLPythonDjangoPostgreSQLFrontend developmentReactBackend development+1 more,https://internshala.com/internship/detail/software-development-internship-in-multiple-locations-at-victopia-labs1765181157,Internshala
Internship,Data Analytics,Emoolar Technology Private Limited,Work from home,"₹ 7,500 - 11,000 /month",Fresher,N/A,PythonSQLData AnalyticsMS-ExcelPower BITableau,https://internshala.com/internship/detail/work-from-home-data-analytics-internship-at-emoolar-technology-private-limited1765177973,Internshala
Internship,Full Stack Development,Swafinix Technologies Pvt Ltd,Work from home,"₹ 12,000 - 27,500 /month",Fresher,N/A,PythonMongoDBReactNatural Language Processing (NLP)Artificial intelligenceNext.jsAmazon EC2+2 more,https://internshala.com/internship/detail/work-from-home-full-stack-development-internship-at-swafinix-technologies-pvt-ltd1765177287,Internshala
Internship,Web Development,"Supanova Labs (San Diego, United States)",Work from home,"₹ 16,500 - 22,500 /month",Fresher,N/A,Social Media MarketingPythonNode.jsReactArtificial intelligence,https://internshala.com/internship/detail/work-from-home-part-time-web-development-internship-at-supanova-labs1765175943,Internshala
Internship,SDE/Data Engineering,Primenumbers Technologies,Bangalore,"₹ 35,000 /month",Fresher,N/A,PythonLinuxDjango,https://internshala.com/internship/detail/sde-data-engineering-internship-in-bangalore-at-primenumbers-technologies1765171454,Internshala
Internship,ADAS Developer,KRISHTEC,"Coimbatore, Erode, Madurai, Tirunelveli, Kanyakumari, Namakkal, Dharmapuri, Salem","₹ 8,000 - 15,000 /month",Fresher,N/A,PythonMachine LearningArtificial intelligence,https://internshala.com/internship/detail/adas-developer-internship-in-multiple-locations-at-krishtec1765170859,Internshala
Internship,IoT Engineer,KRISHTEC,"Coimbatore, Erode, Madurai, Tirunelveli, Kanyakumari, Namakkal, Dharmapuri, Salem","₹ 8,000 - 15,000 /month",Fresher,N/A,PythonRaspberry PiArduinoC ProgrammingInternet of Things (IoT)ESP32,https://internshala.com/internship/detail/iot-engineer-internship-in-multiple-locations-at-krishtec1765170762,Internshala
Internship,Research Content Writer,AI4SEE PRIVATE LIMITED,Work from home,"₹ 2,000 - 5,000 /month",Fresher,N/A,PythonAlgorithmsMathematicsData ScienceArtificial intelligence,https://internshala.com/internship/detail/work-from-home-research-content-writer-internship-at-ai4see-private-limited1765169452,Internshala
Internship,Full Stack Development,Maxgen Technologies Private Limited,Pune,"₹ 5,000 - 12,000 /month",Fresher,N/A,JavaPHPHTMLCSSPythonMongoDBNode.js+1 more,https://internshala.com/internship/detail/full-stack-development-internship-in-pune-at-maxgen-technologies-private-limited1765165024,Internshala
Internship,Cyber Security,Grozoom Ventures Technology Private Limited,Work from home,"₹ 10,000 - 15,000 /month",Fresher,N/A,JavaScriptPythonComputer NetworkingHTTPWeb Application SecurityiOSAndroid+4 more,https://internshala.com/internship/detail/work-from-home-cyber-security-internship-at-grozoom-ventures-technology-private-limited1765098313,Internshala
Internship,Data Science,Emoolar Technology Private Limited,Work from home,"₹ 7,500 - 9,000 /month",Fresher,N/A,PythonMachine LearningData ScienceDeep LearningArtificial intelligence,https://internshala.com/internship/detail/work-from-home-data-science-internship-at-emoolar-technology-private-limited1765094595,Internshala
Internship,Backend Development,Ryze AI,Work from home,"₹ 10,000 /month",Fresher,N/A,HTMLCSSPythonNode.jsREST APIFirebaseGoogle Cloud Platforms (GCP)+1 more,https://internshala.com/internship/detail/work-from-home-backend-development-internship-at-ryze-ai1765091913,Internshala
Internship,Data Science,Maxgen Technologies Private Limited,Pune,"₹ 5,000 - 12,000 /month",Fresher,N/A,PythonMachine LearningData ScienceDeep Learning,https://internshala.com/internship/detail/data-science-internship-in-pune-at-maxgen-technologies-private-limited1765000778,Internshala
Internship,Software Development,Planys Technologies Private Limited,Chennai,"₹ 12,500 - 15,000 /month",Fresher,N/A,PythonLinuxData StructuresC ProgrammingC++ Programming,https://internshala.com/internship/detail/software-development-internship-in-chennai-at-planys-technologies-private-limited1764998852,Internshala
Internship,Electrical & Embedded – IoT Control Systems,Cosy Farms,Mumbai,"₹ 13,000 - 18,000 /month",Fresher,N/A,PythonRaspberry PiEmbedded SystemsArduinoCircuit DesignC ProgrammingPCB Design+2 more,https://internshala.com/internship/detail/electrical-embedded--iot-control-systems-internship-in-mumbai-at-cosy-farms1764998083,Internshala
Internship,Full Stack Development,GrowthGear,"Faridabad, Delhi, Gurgaon, Noida                                                                (Hybrid)","₹ 10,000 - 12,000 /month",Fresher,N/A,PythonSQLMongoDBNode.jsReactMEANMERN,https://internshala.com/internship/detail/full-stack-development-internship-in-multiple-locations-at-growthgear1764958170,Internshala
Internship,Full Stack Development,Gnapi Technologies,Tiruchirappalli,"₹ 10,000 - 12,000 /month",Fresher,N/A,JavaScriptPythonNode.jsReactFlutter,https://internshala.com/internship/detail/full-stack-development-internship-in-tiruchirappalli-at-gnapi-technologies1764947001,Internshala
Internship,AI Engineering,CNC Cloudtech Private Limited,Hyderabad,"₹ 10,000 - 15,000 /month",Fresher,N/A,PythonSQLMachine LearningData ScienceNatural Language Processing (NLP)Deep LearningArtificial intelligence+1 more,https://internshala.com/internship/detail/ai-engineering-internship-in-hyderabad-at-cnc-cloudtech-pvtltd1764936530,Internshala
Internship,Machine Learning,SN Mentoring,Work from home,"₹ 15,000 - 30,000 /month",Fresher,N/A,PythonMachine LearningNatural Language Processing (NLP)Deep LearningArtificial intelligence,https://internshala.com/internship/detail/work-from-home-part-time-machine-learning-internship-at-sn-mentoring1764932499,Internshala
Internship,Software Engineering – IoT Dashboard & Automation,Cosy Farms,Mumbai                                                                (Hybrid),"₹ 12,000 - 17,000 /month",Fresher,N/A,HTMLCSSJavaScriptPythonSQLMachine LearningNode.js+7 more,https://internshala.com/internship/detail/software-engineering--iot-dashboard-automation-internship-in-mumbai-at-cosy-farms1764922662,Internshala
Internship,Python Development,Symonis,Work from home,"₹ 10,000 - 20,000 /month",Fresher,N/A,HTMLCSSPythonDjangoMachine LearningREST APIFlask,https://internshala.com/internship/detail/work-from-home-python-development-internship-at-symonis1764914249,Internshala
Internship,Data Analytics,Symonis,Work from home,"₹ 7,500 - 20,000 /month",Fresher,N/A,PythonSQLData AnalyticsMS-ExcelData SciencePower BITableau,https://internshala.com/internship/detail/work-from-home-data-analytics-internship-at-symonis1764913590,Internshala
Internship,Business Analytics,Symonis,Work from home,"₹ 10,000 - 20,000 /month",Fresher,N/A,MS-OfficePythonSQLData AnalyticsMS-ExcelEnglish Proficiency (Spoken)English Proficiency (Written)+1 more,https://internshala.com/internship/detail/work-from-home-business-analytics-internship-at-symonis1764913561,Internshala
Internship,Artificial Intelligence (AI),Symonis,Work from home,"₹ 10,000 - 20,000 /month",Fresher,N/A,PythonData StructuresMachine LearningData ScienceNeural NetworksNatural Language Processing (NLP)Deep Learning+1 more,https://internshala.com/internship/detail/work-from-home-artificial-intelligence-ai-internship-at-symonis1764913534,Internshala
Internship,Data Science,Symonis,Work from home,"₹ 10,000 - 20,000 /month",Fresher,N/A,PythonSQLData AnalyticsMachine LearningData ScienceNatural Language Processing (NLP)Deep Learning+1 more,https://internshala.com/internship/detail/work-from-home-data-science-internship-at-symonis1764913511,Internshala
Internship,Machine Learning,Symonis,Work from home,"₹ 10,000 - 25,000 /month",Fresher,N/A,PythonData AnalyticsMachine LearningData ScienceNatural Language Processing (NLP)Deep LearningArtificial intelligence,https://internshala.com/internship/detail/work-from-home-machine-learning-internship-at-symonis1764913486,Internshala
Internship,Internet Of Things (IoT),Blazonlabs Itech Private Limited,Jaipur,"₹ 10,000 - 14,000 /month",Fresher,N/A,PythonARM MicrocontrollerRaspberry PiEmbedded SystemsArduinoC ProgrammingPCB Design+1 more,https://internshala.com/internship/detail/internet-of-things-iot-internship-in-jaipur-at-blazonlabs-itech-private-limited1764910144,Internshala
Internship,AI Agent Development,Artizence,Work from home,"₹ 3,000 - 10,000 /month",Fresher,N/A,OpenCVPythonDjangoMachine LearningDjango Rest Framework,https://internshala.com/internship/detail/work-from-home-ai-agent-development-internship-at-artizence1764909451,Internshala
Internship,Data Science,Maxgen Technologies Private Limited,Ahmedabad,"₹ 5,000 - 12,000 /month",Fresher,N/A,PythonData AnalyticsMachine LearningData ScienceDeep Learning,https://internshala.com/internship/detail/data-science-internship-in-ahmedabad-at-maxgen-technologies-private-limited1764904477,Internshala
Internship,Artificial Intelligence (AI),Tax-O-Smart LLP,Mumbai,"₹ 8,000 - 12,000 /month",Fresher,N/A,PythonArtificial intelligence,https://internshala.com/internship/detail/artificial-intelligence-ai-internship-in-mumbai-at-tax-o-smart-llp1764754911,Internshala
Internship,Full Stack Development,Sujan Valand,Vadodara,"₹ 5,000 /month",Fresher,N/A,Python.NETNode.jsReactBubble.io,https://internshala.com/internship/detail/full-stack-development-internship-in-vadodara-at-sujan-valand1764645697,Internshala
Internship,Full Stack Development,EduSpine,Work from home,"₹ 1,000 - 5,000 /month",Fresher,N/A,PHPHTMLCSSCommunication SkillsJavaScriptTeam ManagementPython+3 more,https://internshala.com/internship/detail/work-from-home-part-time-full-stack-development-internship-at-eduspine1764571933,Internshala
Internship,Python Development,Megaminds IT Services,Work from home,"₹ 8,000 - 15,000 /month",Fresher,N/A,JavaPythonDjangoMachine LearningComputer VisionREST APIFlask+12 more,https://internshala.com/internship/detail/work-from-home-python-development-internship-at-megaminds-it-services1764510284,Internshala
Internship,Subject Matter Expert (Machine Learning),Skorokryl Solutions Private Limited,Jaipur,"₹ 10,000 /month",Fresher,N/A,HTMLCSSJavaScriptPythonGitMachine LearningNode.js+2 more,https://internshala.com/internship/detail/subject-matter-expert-machine-learning-internship-in-jaipur-at-skorokryl-solutions-private-limited1764226487,Internshala
Internship,Subject Matter Expert (Machine Learning),Requin Solutions Private Limited,Jaipur,"₹ 10,000 /month",Fresher,N/A,HTMLCSSJavaScriptPythonGitMachine LearningNode.js+2 more,https://internshala.com/internship/detail/subject-matter-expert-machine-learning-internship-in-jaipur-at-requin-solutions-private-limited1764145983,Internshala
Internship,Risk & Compliance,PaySprint Private Limited,Delhi,"₹ 8,000 - 10,000 /month",Fresher,N/A,PythonSQLVBAData Analysis,https://internshala.com/internship/detail/risk-compliance-internship-in-delhi-at-paysprint-private-limited1763986194,Internshala
Internship,AI Agent Development,Zeeproc,Work from home,"₹ 16,000 - 20,000 /month",Fresher,N/A,PythonPostgreSQLGitHubFastAPILangChainLLM evaluation,https://internshala.com/internship/detail/work-from-home-ai-agent-development-internship-at-zeeproc1763714744,Internshala
Internship,Python Development,Gateway Software Solutions,"Chennai, Coimbatore, Erode, Madurai, Tirunelveli, Pollachi, Theni, Chengalpattu, Salem, Viluppuram, Namakkal","₹ 5,000 - 20,000 /month",Fresher,N/A,HTMLCSSPythonDjangoREST APIFlask,https://internshala.com/internship/detail/python-development-internship-in-multiple-locations-at-gateway-software-solutions1763530388,Internshala
Internship,Full Stack Development,Yatin Bhatia,Work from home,"₹ 5,000 - 6,000 /month",Fresher,N/A,MySQLHTMLCSSJavaScriptPythonReact,https://internshala.com/internship/detail/work-from-home-full-stack-development-internship-at-yatin-bhatia1763366885,Internshala
Internship,Full Stack Development,CodingCraft By KBD Group,Pune                                                                (Hybrid),"₹ 5,000 /month",Fresher,N/A,HTMLCSSJavaScriptPythonWordPressMongoDBNode.js+3 more,https://internshala.com/internship/detail/full-stack-development-internship-in-pune-at-codingcraft-by-kbd-group1763364441,Internshala
Internship,Backend Development,Plutonic Services Private Limited,Noida,"₹ 8,000 - 12,000 /month",Fresher,N/A,MySQLPythonAlgorithmsData StructuresGitDjangoPostgreSQL+2 more,https://internshala.com/internship/detail/backend-development-internship-in-noida-at-plutonic-services-private-limited1762332266,Internshala
Internship,"Software Engineering PhD Intern, Summer 2026",Google,"Hyderabad, Bangalore",Competitive stipend,Fresher,N/A,JavaJavaScriptPythonC ProgrammingC++ Programming,https://internshala.com/internship/detail/software-engineering-phd-intern-summer-2026-internship-in-multiple-locations-at-google1764845633,Internshala
Internship,Software Development Engineering (Web),Microsoft,Bangalore,Competitive stipend,Fresher,N/A,JavaScriptPythonAlgorithmsData StructuresC ProgrammingC++ ProgrammingOperating Systems+1 more,https://internshala.com/internship/detail/software-development-engineering-web-internship-in-bangalore-at-microsoft1762411026,Internshala
Internship,Software Engineering PhD,Google,"Pune, Hyderabad, Bangalore",Competitive stipend,Fresher,N/A,JavaJavaScriptPythonAlgorithmsData StructuresC++ ProgrammingEffective Communication+1 more,https://internshala.com/internship/detail/software-engineering-phd-internship-in-multiple-locations-at-google1760682620,Internshala
Internship,D&A - Consulting,Ernst & Young,Bangalore,Competitive stipend,Fresher,N/A,JavaPythonOracleConsultingSAPEffective CommunicationSoftware Development Life Cycle (SDLC),https://internshala.com/internship/detail/d-a-consulting-internship-in-bangalore-at-ernst-young1760617862,Internshala
